text,label

kaprodi,kaprodi
kepala program studi,kaprodi
siapa kaprodi,kaprodi
siapa kepala program studi,kaprodi
siapa ketua program studi,kaprodi
siapa kaprodi sistem informasi,kaprodi
siapa kaprodi informatika,kaprodi
siapa kaprodi teknologi informasi,kaprodi
nama kaprodi,kaprodi
nama kepala program studi,kaprodi
nama ketua program studi,kaprodi
nama kaprodi sistem informasi,kaprodi
kaprodi siapa,kaprodi
kaprodi sistem informasi siapa,kaprodi
kaprodi informatika siapa,kaprodi
kaprodi teknologi informasi siapa,kaprodi
siapa ketua prodi,kaprodi
nama ketua prodi,kaprodi
ketua prodi siapa,kaprodi
ketua jurusan siapa,kaprodi
kepala jurusan siapa,kaprodi
informasi kaprodi,kaprodi
informasi kepala program studi,kaprodi
informasi ketua program studi,kaprodi
informasi ketua prodi,kaprodi
data kaprodi,kaprodi
data kepala program studi,kaprodi
data ketua program studi,kaprodi
profil kaprodi,kaprodi
profil kepala program studi,kaprodi
profil ketua program studi,kaprodi
profil ketua prodi,kaprodi
biodata kaprodi,kaprodi
identitas kaprodi,kaprodi
identitas kepala program studi,kaprodi
identitas ketua program studi,kaprodi
kontak kaprodi,kaprodi
email kaprodi,kaprodi
nomor kaprodi,kaprodi
cara menghubungi kaprodi,kaprodi
hubungi kaprodi,kaprodi
ingin menghubungi kaprodi,kaprodi
saya ingin menghubungi kaprodi,kaprodi
mau menghubungi kaprodi,kaprodi
siapa pimpinan prodi,kaprodi
siapa pimpinan program studi,kaprodi
pimpinan prodi siapa,kaprodi
pimpinan program studi siapa,kaprodi
kaprodi fikti siapa,kaprodi
siapa kaprodi di fikti,kaprodi
siapa pemimpin prodi,kaprodi
pemimpin prodi siapa,kaprodi
siapa koordinator prodi,kaprodi
koordinator prodi siapa,kaprodi
lihat informasi kaprodi,kaprodi
lihat data kaprodi,kaprodi
lihat profil kaprodi,kaprodi
lihat nama kaprodi,kaprodi
tampilkan kaprodi,kaprodi
tampilkan nama kaprodi,kaprodi
tampilkan informasi kaprodi,kaprodi
tampilkan profil kaprodi,kaprodi
berikan informasi kaprodi,kaprodi
berikan data kaprodi,kaprodi
berikan profil kaprodi,kaprodi
tolong tampilkan kaprodi,kaprodi
tolong tampilkan informasi kaprodi,kaprodi
tolong tampilkan profil kaprodi,kaprodi
tolong berikan informasi kaprodi,kaprodi
tolong berikan data kaprodi,kaprodi
tolong beri tahu kaprodi,kaprodi
siapa kaprodi sekarang,kaprodi
kaprodi saat ini siapa,kaprodi
siapa kaprodi yang menjabat,kaprodi
kaprodi yang menjabat siapa,kaprodi
siapa ketua prodi saat ini,kaprodi
ketua prodi saat ini siapa,kaprodi
siapa kepala prodi sekarang,kaprodi
kepala prodi sekarang siapa,kaprodi
kaprodi jurusan sistem informasi,kaprodi
kaprodi jurusan informatika,kaprodi
kaprodi jurusan teknologi informasi,kaprodi
siapa penanggung jawab prodi,kaprodi
penanggung jawab prodi siapa,kaprodi
penanggung jawab program studi siapa,kaprodi
siapa pimpinan jurusan,kaprodi
pimpinan jurusan siapa,kaprodi
kaprodi universitas siapa,kaprodi
siapa kaprodi universitas,kaprodi
apakah ada informasi kaprodi,kaprodi
apakah ada data kaprodi,kaprodi
dimana informasi kaprodi,kaprodi
dimana data kaprodi,kaprodi
saya ingin mengetahui kaprodi,kaprodi
ingin mengetahui kaprodi,kaprodi
ingin melihat profil kaprodi,kaprodi
butuh informasi kaprodi,kaprodi
butuh data kaprodi,kaprodi
minta informasi kaprodi,kaprodi
minta data kaprodi,kaprodi
minta profil kaprodi,kaprodi
siapa kaprodi fakultas,kaprodi